"Track URI","Track Name","Artist URI(s)","Artist Name(s)","Album URI","Album Name","Album Artist URI(s)","Album Artist Name(s)","Album Release Date","Album Image URL","Disc Number","Track Number","Track Duration (ms)","Track Preview URL","Explicit","Popularity","Added By","Added At","Danceability","Energy","Key","Loudness","Mode","Speechiness","Acousticness","Instrumentalness","Liveness","Valence","Tempo","Time Signature"
"spotify:track:6eWyxIE8dwYuvUXiwaCAyj","Meditation Music, Pt. 1","spotify:artist:1Xu8movuCAUTMbvdgMEA7j","Sleepy Whale","spotify:album:3De7J8MolOelZu0llyssSq","Meditation Music","spotify:artist:1Xu8movuCAUTMbvdgMEA7j","Sleepy Whale","2021-12-16","https://i.scdn.co/image/ab67616d0000b273cf25cc99b52df45f8a15f6ba","1","1","34299","https://p.scdn.co/mp3-preview/e1b988fbcbb9f8ec1a48aed7944ca3c0c02ab4db?cid=9950ac751e34487dbbe027c4fd7f8e99","false","26","spotify:user:31hmjzhlbj4ehjd6qrmh7v4rv6oi","2022-02-12T08:53:17Z","0.266","0.0223","0","-37.351","0","0.0381","0.99","0.873","0.105","0.201","48.415","4"
"spotify:track:3fzaWXGiAsP7L7H5us3NA0","Meditation Music, Pt. 3","spotify:artist:1Xu8movuCAUTMbvdgMEA7j","Sleepy Whale","spotify:album:3De7J8MolOelZu0llyssSq","Meditation Music","spotify:artist:1Xu8movuCAUTMbvdgMEA7j","Sleepy Whale","2021-12-16","https://i.scdn.co/image/ab67616d0000b273cf25cc99b52df45f8a15f6ba","1","3","34727","https://p.scdn.co/mp3-preview/1e9a26dd47d425ba98c96757c3b605651cac8f68?cid=9950ac751e34487dbbe027c4fd7f8e99","false","24","spotify:user:31hmjzhlbj4ehjd6qrmh7v4rv6oi","2022-02-12T08:53:21Z","0.198","0.175","3","-30","1","0.0567","0.916","0.697","0.112","0.369","78.397","4"
"spotify:track:0qmBAGjumfDi9xE5rodQtM","Meditation Music, Pt. 4","spotify:artist:1Xu8movuCAUTMbvdgMEA7j","Sleepy Whale","spotify:album:3De7J8MolOelZu0llyssSq","Meditation Music","spotify:artist:1Xu8movuCAUTMbvdgMEA7j","Sleepy Whale","2021-12-16","https://i.scdn.co/image/ab67616d0000b273cf25cc99b52df45f8a15f6ba","1","4","36013","https://p.scdn.co/mp3-preview/b09b1ed49bee8a71496435c5164adeede88938fe?cid=9950ac751e34487dbbe027c4fd7f8e99","false","24","spotify:user:31hmjzhlbj4ehjd6qrmh7v4rv6oi","2022-02-12T08:53:22Z","0.225","0.0771","3","-32.808","1","0.0478","0.953","0.942","0.109","0.305","57.263","4"
"spotify:track:58MdqGbi0KhNoCojx6l66j","Meditation Music, Pt. 6","spotify:artist:1Xu8movuCAUTMbvdgMEA7j","Sleepy Whale","spotify:album:3De7J8MolOelZu0llyssSq","Meditation Music","spotify:artist:1Xu8movuCAUTMbvdgMEA7j","Sleepy Whale","2021-12-16","https://i.scdn.co/image/ab67616d0000b273cf25cc99b52df45f8a15f6ba","1","6","35156","https://p.scdn.co/mp3-preview/c36f68665c87e34afad0622c3a3d8a13a5b703ea?cid=9950ac751e34487dbbe027c4fd7f8e99","false","24","spotify:user:31hmjzhlbj4ehjd6qrmh7v4rv6oi","2022-02-12T08:53:28Z","0.176","0.054","3","-32.47","1","0.0499","0.991","0.995","0.107","0.0503","103.249","3"
"spotify:track:2RBAzWrhElrXaMJU9iQUKf","Meditation Music, Pt. 8","spotify:artist:1Xu8movuCAUTMbvdgMEA7j","Sleepy Whale","spotify:album:3De7J8MolOelZu0llyssSq","Meditation Music","spotify:artist:1Xu8movuCAUTMbvdgMEA7j","Sleepy Whale","2021-12-16","https://i.scdn.co/image/ab67616d0000b273cf25cc99b52df45f8a15f6ba","1","8","36013","https://p.scdn.co/mp3-preview/57c011b90997485089fddab0dc9a070d55ee85c1?cid=9950ac751e34487dbbe027c4fd7f8e99","false","25","spotify:user:31hmjzhlbj4ehjd6qrmh7v4rv6oi","2022-02-12T08:53:29Z","0.19","0.153","3","-27.882","1","0.04","0.988","0.722","0.109","0.346","73.231","3"
"spotify:track:3AlWPJpRgIy67sGshJIaqh","Meditation Music, Pt. 10","spotify:artist:1Xu8movuCAUTMbvdgMEA7j","Sleepy Whale","spotify:album:3De7J8MolOelZu0llyssSq","Meditation Music","spotify:artist:1Xu8movuCAUTMbvdgMEA7j","Sleepy Whale","2021-12-16","https://i.scdn.co/image/ab67616d0000b273cf25cc99b52df45f8a15f6ba","1","10","34299","https://p.scdn.co/mp3-preview/b579c4784448ad1a148ba3dc4044ecc165bff543?cid=9950ac751e34487dbbe027c4fd7f8e99","false","24","spotify:user:31hmjzhlbj4ehjd6qrmh7v4rv6oi","2022-02-12T08:53:30Z","0.13","0.0602","9","-31.577","0","0.0432","0.994","0.824","0.102","0.0381","73.49","4"
"spotify:track:3fZuaMh66Hkdh1SNQrvhjd","Meditation Music, Pt. 12","spotify:artist:1Xu8movuCAUTMbvdgMEA7j","Sleepy Whale","spotify:album:3De7J8MolOelZu0llyssSq","Meditation Music","spotify:artist:1Xu8movuCAUTMbvdgMEA7j","Sleepy Whale","2021-12-16","https://i.scdn.co/image/ab67616d0000b273cf25cc99b52df45f8a15f6ba","1","12","34299","https://p.scdn.co/mp3-preview/329f7c6236e9c52c0f91c669a6b2df6bb401faa8?cid=9950ac751e34487dbbe027c4fd7f8e99","false","23","spotify:user:31hmjzhlbj4ehjd6qrmh7v4rv6oi","2022-02-12T08:53:31Z","0.171","0.087","10","-30.304","1","0.0484","0.995","0.877","0.106","0.222","64.063","3"
"spotify:track:0RZmL2MLG2dJ3YH5DQHh8U","Meditation Music, Pt. 14","spotify:artist:1Xu8movuCAUTMbvdgMEA7j","Sleepy Whale","spotify:album:3De7J8MolOelZu0llyssSq","Meditation Music","spotify:artist:1Xu8movuCAUTMbvdgMEA7j","Sleepy Whale","2021-12-16","https://i.scdn.co/image/ab67616d0000b273cf25cc99b52df45f8a15f6ba","1","14","36013","https://p.scdn.co/mp3-preview/8be38369c0f3e3de7cd7648e43f4063778461b66?cid=9950ac751e34487dbbe027c4fd7f8e99","false","23","spotify:user:31hmjzhlbj4ehjd6qrmh7v4rv6oi","2022-02-12T08:53:32Z","0.269","0.0696","0","-30.61","0","0.042","0.995","0.983","0.111","0.0335","89.468","5"
"spotify:track:5cJfmbk35wLlIBdiV2rPGT","Meditation Music, Pt. 16","spotify:artist:1Xu8movuCAUTMbvdgMEA7j","Sleepy Whale","spotify:album:3De7J8MolOelZu0llyssSq","Meditation Music","spotify:artist:1Xu8movuCAUTMbvdgMEA7j","Sleepy Whale","2021-12-16","https://i.scdn.co/image/ab67616d0000b273cf25cc99b52df45f8a15f6ba","1","16","36013","https://p.scdn.co/mp3-preview/30fd803cc4c34f59d38561351d4f47e99200d3a0?cid=9950ac751e34487dbbe027c4fd7f8e99","false","23","spotify:user:31hmjzhlbj4ehjd6qrmh7v4rv6oi","2022-02-12T08:53:33Z","0.135","0.23","0","-24.658","0","0.0479","0.994","0.838","0.118","0.124","143.708","3"
"spotify:track:4qOQW838cIKLh58pfmCgkX","Meditation Music, Pt. 18","spotify:artist:1Xu8movuCAUTMbvdgMEA7j","Sleepy Whale","spotify:album:3De7J8MolOelZu0llyssSq","Meditation Music","spotify:artist:1Xu8movuCAUTMbvdgMEA7j","Sleepy Whale","2021-12-16","https://i.scdn.co/image/ab67616d0000b273cf25cc99b52df45f8a15f6ba","1","18","34299","https://p.scdn.co/mp3-preview/83cdd824aad2b44b93fb7a82eac1aeaa4d1af332?cid=9950ac751e34487dbbe027c4fd7f8e99","false","23","spotify:user:31hmjzhlbj4ehjd6qrmh7v4rv6oi","2022-02-12T08:53:34Z","0.23","0.151","3","-27.381","1","0.05","0.987","0.988","0.104","0.104","46.3","3"
"spotify:track:5s4RiTLKxRUAlYSoem33Oi","Meditation Music, Pt. 20","spotify:artist:1Xu8movuCAUTMbvdgMEA7j","Sleepy Whale","spotify:album:3De7J8MolOelZu0llyssSq","Meditation Music","spotify:artist:1Xu8movuCAUTMbvdgMEA7j","Sleepy Whale","2021-12-16","https://i.scdn.co/image/ab67616d0000b273cf25cc99b52df45f8a15f6ba","1","20","38584","https://p.scdn.co/mp3-preview/b57b63ed3dd000f8c167a9fd87a1121401b4250b?cid=9950ac751e34487dbbe027c4fd7f8e99","false","22","spotify:user:31hmjzhlbj4ehjd6qrmh7v4rv6oi","2022-02-12T08:53:35Z","0.196","0.0583","3","-28.156","1","0.045","0.973","0.978","0.116","0.132","106.206","3"
"spotify:track:5AS53FSpZx16QgmhZOT2xH","Meditation Music, Pt. 11","spotify:artist:1Xu8movuCAUTMbvdgMEA7j","Sleepy Whale","spotify:album:3De7J8MolOelZu0llyssSq","Meditation Music","spotify:artist:1Xu8movuCAUTMbvdgMEA7j","Sleepy Whale","2021-12-16","https://i.scdn.co/image/ab67616d0000b273cf25cc99b52df45f8a15f6ba","1","11","36013","https://p.scdn.co/mp3-preview/c84b84fbcb34cb8a01e1a55b619f108f25e8f9bb?cid=9950ac751e34487dbbe027c4fd7f8e99","false","25","spotify:user:31hmjzhlbj4ehjd6qrmh7v4rv6oi","2022-02-12T08:54:17Z","0.238","0.0343","0","-31.252","1","0.0396","0.967","0.999","0.109","0.0813","82.233","4"
"spotify:track:2zNCsnP7e7CVJuRnKJthMu","Meditation Music, Pt. 15","spotify:artist:1Xu8movuCAUTMbvdgMEA7j","Sleepy Whale","spotify:album:3De7J8MolOelZu0llyssSq","Meditation Music","spotify:artist:1Xu8movuCAUTMbvdgMEA7j","Sleepy Whale","2021-12-16","https://i.scdn.co/image/ab67616d0000b273cf25cc99b52df45f8a15f6ba","1","15","34299","https://p.scdn.co/mp3-preview/6bcf20769ce0a99fde5c3f97068e5a5e514dc97c?cid=9950ac751e34487dbbe027c4fd7f8e99","false","23","spotify:user:31hmjzhlbj4ehjd6qrmh7v4rv6oi","2022-02-12T08:54:19Z","0.119","0.159","3","-28.217","1","0.0385","0.995","0.964","0.105","0.12","53.74","4"
"spotify:track:5yjX9ezyVfzxB1NYnlElbF","Meditation Music, Pt. 19","spotify:artist:1Xu8movuCAUTMbvdgMEA7j","Sleepy Whale","spotify:album:3De7J8MolOelZu0llyssSq","Meditation Music","spotify:artist:1Xu8movuCAUTMbvdgMEA7j","Sleepy Whale","2021-12-16","https://i.scdn.co/image/ab67616d0000b273cf25cc99b52df45f8a15f6ba","1","19","36013","https://p.scdn.co/mp3-preview/ad644e20d88443d437581cfd9f21e9b6b6def6c9?cid=9950ac751e34487dbbe027c4fd7f8e99","false","22","spotify:user:31hmjzhlbj4ehjd6qrmh7v4rv6oi","2022-02-12T08:54:20Z","0.169","0.103","3","-28.984","1","0.0486","0.973","0.986","0.0995","0.212","116.482","3"
"spotify:track:3bT61l4tzLYqc4004oq4eO","Meditation Music, Pt. 22","spotify:artist:1Xu8movuCAUTMbvdgMEA7j","Sleepy Whale","spotify:album:3De7J8MolOelZu0llyssSq","Meditation Music","spotify:artist:1Xu8movuCAUTMbvdgMEA7j","Sleepy Whale","2021-12-16","https://i.scdn.co/image/ab67616d0000b273cf25cc99b52df45f8a15f6ba","1","22","36013","https://p.scdn.co/mp3-preview/a23ec918dc5f29a8d9627ec006b5cd23f69679c2?cid=9950ac751e34487dbbe027c4fd7f8e99","false","23","spotify:user:31hmjzhlbj4ehjd6qrmh7v4rv6oi","2022-02-12T08:54:21Z","0.251","0.0771","3","-28.095","1","0.0444","0.99","0.987","0.102","0.14","45.424","4"
"spotify:track:1QwWegCUgVpkYv8LxW119u","Meditation Music, Pt. 24","spotify:artist:1Xu8movuCAUTMbvdgMEA7j","Sleepy Whale","spotify:album:3De7J8MolOelZu0llyssSq","Meditation Music","spotify:artist:1Xu8movuCAUTMbvdgMEA7j","Sleepy Whale","2021-12-16","https://i.scdn.co/image/ab67616d0000b273cf25cc99b52df45f8a15f6ba","1","24","36013","https://p.scdn.co/mp3-preview/de97278a29e0805a289eb9196aff5c849c78f5fc?cid=9950ac751e34487dbbe027c4fd7f8e99","false","22","spotify:user:31hmjzhlbj4ehjd6qrmh7v4rv6oi","2022-02-12T08:54:23Z","0.144","0.0683","0","-28.095","1","0.0411","0.994","0.992","0.103","0.0392","68.021","3"
"spotify:track:2i2AepBO5IgQNxMryyu0pz","Meditation Music, Pt. 27","spotify:artist:1Xu8movuCAUTMbvdgMEA7j","Sleepy Whale","spotify:album:3De7J8MolOelZu0llyssSq","Meditation Music","spotify:artist:1Xu8movuCAUTMbvdgMEA7j","Sleepy Whale","2021-12-16","https://i.scdn.co/image/ab67616d0000b273cf25cc99b52df45f8a15f6ba","1","27","34299","https://p.scdn.co/mp3-preview/54942b9211ca372414c77e35b25e87c2ca90f387?cid=9950ac751e34487dbbe027c4fd7f8e99","false","22","spotify:user:31hmjzhlbj4ehjd6qrmh7v4rv6oi","2022-02-12T08:54:25Z","0.168","0.177","3","-28.355","1","0.0436","0.994","0.859","0.108","0.0394","113.794","5"
"spotify:track:61BpvAGvsHaytUe8NCw36f","Meditation Music, Pt. 33","spotify:artist:1Xu8movuCAUTMbvdgMEA7j","Sleepy Whale","spotify:album:3De7J8MolOelZu0llyssSq","Meditation Music","spotify:artist:1Xu8movuCAUTMbvdgMEA7j","Sleepy Whale","2021-12-16","https://i.scdn.co/image/ab67616d0000b273cf25cc99b52df45f8a15f6ba","1","33","37727","https://p.scdn.co/mp3-preview/865109b6531ea9c0e317f311d3b871788c55fa62?cid=9950ac751e34487dbbe027c4fd7f8e99","false","22","spotify:user:31hmjzhlbj4ehjd6qrmh7v4rv6oi","2022-02-12T08:54:35Z","0.226","0.189","3","-27.81","1","0.0403","0.99","0.961","0.107","0.223","70.552","5"
"spotify:track:7HwJElGGRVrhYLxrovkman","Meditation Music, Pt. 35","spotify:artist:1Xu8movuCAUTMbvdgMEA7j","Sleepy Whale","spotify:album:3De7J8MolOelZu0llyssSq","Meditation Music","spotify:artist:1Xu8movuCAUTMbvdgMEA7j","Sleepy Whale","2021-12-16","https://i.scdn.co/image/ab67616d0000b273cf25cc99b52df45f8a15f6ba","1","35","34299","https://p.scdn.co/mp3-preview/258bc827774646ef19ebf60e6cd2963e8a75a51c?cid=9950ac751e34487dbbe027c4fd7f8e99","false","22","spotify:user:31hmjzhlbj4ehjd6qrmh7v4rv6oi","2022-02-12T08:54:36Z","0.267","0.113","3","-26.292","1","0.0445","0.976","0.82","0.108","0.137","116.005","3"
"spotify:track:57noajGNY9GIaMua618655","Meditation Music, Pt. 37","spotify:artist:1Xu8movuCAUTMbvdgMEA7j","Sleepy Whale","spotify:album:3De7J8MolOelZu0llyssSq","Meditation Music","spotify:artist:1Xu8movuCAUTMbvdgMEA7j","Sleepy Whale","2021-12-16","https://i.scdn.co/image/ab67616d0000b273cf25cc99b52df45f8a15f6ba","1","37","37727","https://p.scdn.co/mp3-preview/570afb52d4fb69a3bb9062c743a82ec7f4c37f47?cid=9950ac751e34487dbbe027c4fd7f8e99","false","22","spotify:user:31hmjzhlbj4ehjd6qrmh7v4rv6oi","2022-02-12T08:54:37Z","0.177","0.119","9","-27.676","0","0.038","0.985","0.978","0.107","0.145","89.606","1"
"spotify:track:6BanaZ6KZqWBAypKonnEe2","Meditation Music, Pt. 39","spotify:artist:1Xu8movuCAUTMbvdgMEA7j","Sleepy Whale","spotify:album:3De7J8MolOelZu0llyssSq","Meditation Music","spotify:artist:1Xu8movuCAUTMbvdgMEA7j","Sleepy Whale","2021-12-16","https://i.scdn.co/image/ab67616d0000b273cf25cc99b52df45f8a15f6ba","1","39","37727","https://p.scdn.co/mp3-preview/15c7d8e69ed27bb06662bcad17eee6879d0de785?cid=9950ac751e34487dbbe027c4fd7f8e99","false","22","spotify:user:31hmjzhlbj4ehjd6qrmh7v4rv6oi","2022-02-12T08:54:38Z","0.174","0.131","7","-29.207","0","0.0417","0.988","0.998","0.103","0.0857","104.102","1"
"spotify:track:36HZh5R3j0jbtwy3E2LMiy","Meditation Music, Pt. 41","spotify:artist:1Xu8movuCAUTMbvdgMEA7j","Sleepy Whale","spotify:album:3De7J8MolOelZu0llyssSq","Meditation Music","spotify:artist:1Xu8movuCAUTMbvdgMEA7j","Sleepy Whale","2021-12-16","https://i.scdn.co/image/ab67616d0000b273cf25cc99b52df45f8a15f6ba","1","41","34299","https://p.scdn.co/mp3-preview/1fcdbef7fdc7105116e24b53b6ff2f044720c009?cid=9950ac751e34487dbbe027c4fd7f8e99","false","22","spotify:user:31hmjzhlbj4ehjd6qrmh7v4rv6oi","2022-02-12T08:54:39Z","0.176","0.0426","3","-31.331","1","0.0427","0.995","0.98","0.112","0.0809","91.404","5"
"spotify:track:20fpGZOsJ9EnvkigdVOq03","Meditation Music, Pt. 43","spotify:artist:1Xu8movuCAUTMbvdgMEA7j","Sleepy Whale","spotify:album:3De7J8MolOelZu0llyssSq","Meditation Music","spotify:artist:1Xu8movuCAUTMbvdgMEA7j","Sleepy Whale","2021-12-16","https://i.scdn.co/image/ab67616d0000b273cf25cc99b52df45f8a15f6ba","1","43","37727","https://p.scdn.co/mp3-preview/c3c80e98864f86f4ad61ef6e013b27a45fda4264?cid=9950ac751e34487dbbe027c4fd7f8e99","false","21","spotify:user:31hmjzhlbj4ehjd6qrmh7v4rv6oi","2022-02-12T08:54:40Z","0.176","0.276","0","-22.158","0","0.0441","0.993","0.974","0.109","0.67","69.898","5"
"spotify:track:5HOgJ8y8h8Aws0ag3EH2Uz","Meditation Music, Pt. 45","spotify:artist:1Xu8movuCAUTMbvdgMEA7j","Sleepy Whale","spotify:album:3De7J8MolOelZu0llyssSq","Meditation Music","spotify:artist:1Xu8movuCAUTMbvdgMEA7j","Sleepy Whale","2021-12-16","https://i.scdn.co/image/ab67616d0000b273cf25cc99b52df45f8a15f6ba","1","45","34299","https://p.scdn.co/mp3-preview/d41f19db5ed5c302c774cfd08c75d11ed863bf4e?cid=9950ac751e34487dbbe027c4fd7f8e99","false","21","spotify:user:31hmjzhlbj4ehjd6qrmh7v4rv6oi","2022-02-12T08:54:41Z","0.158","0.214","3","-26.777","1","0.0383","0.971","0.928","0.11","0.109","84.019","4"
"spotify:track:6S7hMYNYCwFgX6LAKp21Ch","Meditation Music, Pt. 47","spotify:artist:1Xu8movuCAUTMbvdgMEA7j","Sleepy Whale","spotify:album:3De7J8MolOelZu0llyssSq","Meditation Music","spotify:artist:1Xu8movuCAUTMbvdgMEA7j","Sleepy Whale","2021-12-16","https://i.scdn.co/image/ab67616d0000b273cf25cc99b52df45f8a15f6ba","1","47","37727","https://p.scdn.co/mp3-preview/37c5929a59e93189125511083667776b27323c6a?cid=9950ac751e34487dbbe027c4fd7f8e99","false","21","spotify:user:31hmjzhlbj4ehjd6qrmh7v4rv6oi","2022-02-12T08:54:42Z","0.18","0.176","3","-25.287","1","0.0435","0.985","0.902","0.112","0.151","86.565","4"
"spotify:track:5rLbveA6RIyKyJjawXZwD3","Meditation Music, Pt. 51","spotify:artist:1Xu8movuCAUTMbvdgMEA7j","Sleepy Whale","spotify:album:3De7J8MolOelZu0llyssSq","Meditation Music","spotify:artist:1Xu8movuCAUTMbvdgMEA7j","Sleepy Whale","2021-12-16","https://i.scdn.co/image/ab67616d0000b273cf25cc99b52df45f8a15f6ba","1","51","34299","https://p.scdn.co/mp3-preview/d9989b2a42b264f30a0df209f08cd2db731fe735?cid=9950ac751e34487dbbe027c4fd7f8e99","false","21","spotify:user:31hmjzhlbj4ehjd6qrmh7v4rv6oi","2022-02-12T08:54:48Z","0.26","0.137","0","-27.506","1","0.0393","0.989","0.996","0.108","0.238","55.891","5"
"spotify:track:3QmvIpXJf2RvI63Rf3mnAu","Meditation Music, Pt. 50","spotify:artist:1Xu8movuCAUTMbvdgMEA7j","Sleepy Whale","spotify:album:3De7J8MolOelZu0llyssSq","Meditation Music","spotify:artist:1Xu8movuCAUTMbvdgMEA7j","Sleepy Whale","2021-12-16","https://i.scdn.co/image/ab67616d0000b273cf25cc99b52df45f8a15f6ba","1","50","36013","https://p.scdn.co/mp3-preview/2c3148a243c73a9ef1f2eacf48b2202c5013fc6c?cid=9950ac751e34487dbbe027c4fd7f8e99","false","21","spotify:user:31hmjzhlbj4ehjd6qrmh7v4rv6oi","2022-02-12T08:54:49Z","0.258","0.129","0","-24.404","0","0.0495","0.974","0.99","0.109","0.154","130.723","4"
"spotify:track:1moXQz0VlcKPtbFJO7vZ56","Meditation Music, Pt. 52","spotify:artist:1Xu8movuCAUTMbvdgMEA7j","Sleepy Whale","spotify:album:3De7J8MolOelZu0llyssSq","Meditation Music","spotify:artist:1Xu8movuCAUTMbvdgMEA7j","Sleepy Whale","2021-12-16","https://i.scdn.co/image/ab67616d0000b273cf25cc99b52df45f8a15f6ba","1","52","36013","https://p.scdn.co/mp3-preview/6e9739f711ae60eb26cccd62f77504000a7a1a23?cid=9950ac751e34487dbbe027c4fd7f8e99","false","21","spotify:user:31hmjzhlbj4ehjd6qrmh7v4rv6oi","2022-02-12T08:54:50Z","0.139","0.0775","0","-28.225","1","0.038","0.992","0.998","0.105","0.0869","88.293","5"
"spotify:track:5XwFvdNx3a4QEckcbI7gyE","Sleep Music, Pt. 12","spotify:artist:1Xu8movuCAUTMbvdgMEA7j","Sleepy Whale","spotify:album:6ZMrk5ic3V2biwpazmKX3K","Sleep Music","spotify:artist:1Xu8movuCAUTMbvdgMEA7j","Sleepy Whale","2021-11-25","https://i.scdn.co/image/ab67616d0000b27376a739ac3cbdaeb14f108049","1","12","45441","https://p.scdn.co/mp3-preview/9490b3c44f4f984659f740d637cc3a3aae0bfe23?cid=9950ac751e34487dbbe027c4fd7f8e99","false","32","spotify:user:31hmjzhlbj4ehjd6qrmh7v4rv6oi","2022-02-12T08:55:31Z","0.226","0.0458","11","-34.626","0","0.0412","0.986","0.813","0.101","0.274","90.565","4"
"spotify:track:4bZGUV4Q3iPzlJOAo2eufF","Sleep Music, Pt. 14","spotify:artist:1Xu8movuCAUTMbvdgMEA7j","Sleepy Whale","spotify:album:6ZMrk5ic3V2biwpazmKX3K","Sleep Music","spotify:artist:1Xu8movuCAUTMbvdgMEA7j","Sleepy Whale","2021-11-25","https://i.scdn.co/image/ab67616d0000b27376a739ac3cbdaeb14f108049","1","14","40299","https://p.scdn.co/mp3-preview/d3dee779d67e79063b0cd463d5ba8fff3766fc78?cid=9950ac751e34487dbbe027c4fd7f8e99","false","33","spotify:user:31hmjzhlbj4ehjd6qrmh7v4rv6oi","2022-02-12T08:55:33Z","0.114","0.0374","4","-37.14","0","0.0487","0.9","0.774","0.109","0.0518","65.118","3"
"spotify:track:0iVLgs7v9Cxn3uHcw5mYcG","Sleep Music, Pt. 23","spotify:artist:1Xu8movuCAUTMbvdgMEA7j","Sleepy Whale","spotify:album:6ZMrk5ic3V2biwpazmKX3K","Sleep Music","spotify:artist:1Xu8movuCAUTMbvdgMEA7j","Sleepy Whale","2021-11-25","https://i.scdn.co/image/ab67616d0000b27376a739ac3cbdaeb14f108049","1","23","41584","https://p.scdn.co/mp3-preview/d650b42948992f5eb0198e24822ed6513ca0d483?cid=9950ac751e34487dbbe027c4fd7f8e99","false","32","spotify:user:31hmjzhlbj4ehjd6qrmh7v4rv6oi","2022-02-12T08:55:34Z","0.188","0.0142","2","-36.84","1","0.0454","0.991","0.998","0.101","0.0373","71.988","5"
"spotify:track:3UdZNufhHvFGJvZHqzR4gq","Sleep Music, Pt. 18","spotify:artist:1Xu8movuCAUTMbvdgMEA7j","Sleepy Whale","spotify:album:6ZMrk5ic3V2biwpazmKX3K","Sleep Music","spotify:artist:1Xu8movuCAUTMbvdgMEA7j","Sleepy Whale","2021-11-25","https://i.scdn.co/image/ab67616d0000b27376a739ac3cbdaeb14f108049","1","18","41156","https://p.scdn.co/mp3-preview/cb93dfcc8d2ab8b9b7fd15db5c32edabedf40c0c?cid=9950ac751e34487dbbe027c4fd7f8e99","false","32","spotify:user:31hmjzhlbj4ehjd6qrmh7v4rv6oi","2022-02-12T08:55:35Z","0.19","0.0173","2","-35.758","1","0.0412","0.928","0.994","0.111","0.032","53.316","4"
"spotify:track:4KGGEVzOjPeZC2KEKeVUpd","Soothing Brown Noise: 820 Hz","spotify:artist:6bTg48WFwt5Op39fABxwcV","Brown Noise Nuts","spotify:album:4yY3mQ73a9b38BgjRnyEee","Brown Noise 820 Hz","spotify:artist:6bTg48WFwt5Op39fABxwcV","Brown Noise Nuts","2021-11-14","https://i.scdn.co/image/ab67616d0000b273a5dd29b148991618e40c1f83","1","1","62000","https://p.scdn.co/mp3-preview/0be61c3cc7705cc23b80aea9cc68637ad2c5c883?cid=9950ac751e34487dbbe027c4fd7f8e99","false","14","spotify:user:31hmjzhlbj4ehjd6qrmh7v4rv6oi","2022-02-12T08:55:35Z","","","","","","","","","","","",""
"spotify:track:2gTLa61R3lVQZ8u1GcC5tY","Brown Noise Deep Tones: 720 Hz","spotify:artist:6bTg48WFwt5Op39fABxwcV","Brown Noise Nuts","spotify:album:4ldIWtqRGMYJfJZBT5zN7i","Brown Noise: 720 Hz","spotify:artist:6bTg48WFwt5Op39fABxwcV","Brown Noise Nuts","2021-11-15","https://i.scdn.co/image/ab67616d0000b273d97cfd7c3151ca47e5c05cdc","1","20","62000","https://p.scdn.co/mp3-preview/92fd2143a445e43e31985c618bf255bc97cd4ed5?cid=9950ac751e34487dbbe027c4fd7f8e99","false","14","spotify:user:31hmjzhlbj4ehjd6qrmh7v4rv6oi","2022-02-12T08:55:35Z","","","","","","","","","","","",""
"spotify:track:1dCz8opSTJlRT30V00t8g5","Brown Noise Sleep Aid: 660 Hz","spotify:artist:6bTg48WFwt5Op39fABxwcV","Brown Noise Nuts","spotify:album:4MkKSzJNDUWSYsFDzp2puR","Brown Noise Nuts: 660 Hz","spotify:artist:6bTg48WFwt5Op39fABxwcV","Brown Noise Nuts","2021-11-16","https://i.scdn.co/image/ab67616d0000b273a7735a16baef43ed7788cc28","1","6","62000","https://p.scdn.co/mp3-preview/3fc05bdec27a5002ff8f735ddab154144a5e2b57?cid=9950ac751e34487dbbe027c4fd7f8e99","false","12","spotify:user:31hmjzhlbj4ehjd6qrmh7v4rv6oi","2022-02-12T08:55:36Z","","","","","","","","","","","",""
"spotify:track:1AV71lKV38z6u4rLG9bgZv","Den svarta ön, del 19","spotify:artist:6aMD1KAa5i3Myy61cR8FiW, spotify:artist:7HjbJ8V87zrxkSzL1KieQk, spotify:artist:71ADe4Zg9UyE8WQEHbJSXM","Tintin, Tomas Bolme, Bert-Åke Varg","spotify:album:43dUL1XcR7Q1fpGr8moljl","Den svarta ön","spotify:artist:6aMD1KAa5i3Myy61cR8FiW, spotify:artist:7HjbJ8V87zrxkSzL1KieQk, spotify:artist:71ADe4Zg9UyE8WQEHbJSXM","Tintin, Tomas Bolme, Bert-Åke Varg","1972-06-19","https://i.scdn.co/image/ab67616d0000b273f52e7de3acedf1e4c034d6f3","1","19","67600","https://p.scdn.co/mp3-preview/9fbc53d733fd918c964aac95e83e3dcd47412f3a?cid=9950ac751e34487dbbe027c4fd7f8e99","false","25","spotify:user:31hmjzhlbj4ehjd6qrmh7v4rv6oi","2022-02-12T08:55:36Z","0.732","0.497","9","-19.866","0","0.915","0.632","0","0.394","0.535","63.362","4"
"spotify:track:3xEcxC4SJKbl2kBrhzmNmL","Sleep Aid Noise: 720 Hz","spotify:artist:6bTg48WFwt5Op39fABxwcV","Brown Noise Nuts","spotify:album:4ldIWtqRGMYJfJZBT5zN7i","Brown Noise: 720 Hz","spotify:artist:6bTg48WFwt5Op39fABxwcV","Brown Noise Nuts","2021-11-15","https://i.scdn.co/image/ab67616d0000b273d97cfd7c3151ca47e5c05cdc","1","19","62000","https://p.scdn.co/mp3-preview/92fd2143a445e43e31985c618bf255bc97cd4ed5?cid=9950ac751e34487dbbe027c4fd7f8e99","false","14","spotify:user:31hmjzhlbj4ehjd6qrmh7v4rv6oi","2022-02-12T08:55:36Z","","","","","","","","","","","",""
"spotify:track:4kKOuUUd2o7spgviSUgXMm","Focused Brown Noise: 780 Hz","spotify:artist:6bTg48WFwt5Op39fABxwcV","Brown Noise Nuts","spotify:album:2T6xLAGz6KaUebUHvDCmR9","Brown Noise: 780 Hz","spotify:artist:6bTg48WFwt5Op39fABxwcV","Brown Noise Nuts","2021-11-14","https://i.scdn.co/image/ab67616d0000b273ec1b476ee82713a9a9a02e3f","1","18","62000","https://p.scdn.co/mp3-preview/84de1d3755e20467e7b544b77dc2ea4c3ac4004e?cid=9950ac751e34487dbbe027c4fd7f8e99","false","14","spotify:user:31hmjzhlbj4ehjd6qrmh7v4rv6oi","2022-02-12T08:55:36Z","","","","","","","","","","","",""
"spotify:track:1vtnxpkH63cQmqcDCLMyzf","Soothing Brown Noise: 760 Hz","spotify:artist:6bTg48WFwt5Op39fABxwcV","Brown Noise Nuts","spotify:album:0idLl4rPoaeIutvdhi92c0","Brown Noise: 760 Hz","spotify:artist:6bTg48WFwt5Op39fABxwcV","Brown Noise Nuts","2021-11-14","https://i.scdn.co/image/ab67616d0000b27364bee3f89b9a5634ef0bf215","1","1","62000","https://p.scdn.co/mp3-preview/7249ae1a7d17f56e3b0144aedff63f97620341e0?cid=9950ac751e34487dbbe027c4fd7f8e99","false","14","spotify:user:31hmjzhlbj4ehjd6qrmh7v4rv6oi","2022-02-12T08:55:37Z","","","","","","","","","","","",""
"spotify:track:4jNv3ZRy5KRRFBBjvtD1Pq","Soothing Brown Noise: 720 Hz","spotify:artist:6bTg48WFwt5Op39fABxwcV","Brown Noise Nuts","spotify:album:4ldIWtqRGMYJfJZBT5zN7i","Brown Noise: 720 Hz","spotify:artist:6bTg48WFwt5Op39fABxwcV","Brown Noise Nuts","2021-11-15","https://i.scdn.co/image/ab67616d0000b273d97cfd7c3151ca47e5c05cdc","1","1","62000","https://p.scdn.co/mp3-preview/92fd2143a445e43e31985c618bf255bc97cd4ed5?cid=9950ac751e34487dbbe027c4fd7f8e99","false","14","spotify:user:31hmjzhlbj4ehjd6qrmh7v4rv6oi","2022-02-12T08:55:37Z","","","","","","","","","","","",""
"spotify:track:3455G0Mn5Vce48mXdCk5ob","Calming Brown Noise: 860 Hz","spotify:artist:6bTg48WFwt5Op39fABxwcV","Brown Noise Nuts","spotify:album:6NGauE5cgewPpFhi5J4blb","Brown Noise: 860 Hz","spotify:artist:6bTg48WFwt5Op39fABxwcV","Brown Noise Nuts","2021-11-07","https://i.scdn.co/image/ab67616d0000b273f434bf5e4ce2e486f809466f","1","2","62000","https://p.scdn.co/mp3-preview/fad5c7c6dfb2eff6366d26daf0db9d91e01321a6?cid=9950ac751e34487dbbe027c4fd7f8e99","false","15","spotify:user:31hmjzhlbj4ehjd6qrmh7v4rv6oi","2022-02-12T08:55:37Z","","","","","","","","","","","",""
"spotify:track:4kTpIJ63wBthaEHOeGQwsg","Brown Noise Baby Sleep Aid: 880 Hz","spotify:artist:6bTg48WFwt5Op39fABxwcV","Brown Noise Nuts","spotify:album:2EKxeSJmSrUNd86v5DAlrS","Brown Noise: 880 Hz","spotify:artist:6bTg48WFwt5Op39fABxwcV","Brown Noise Nuts","2021-11-07","https://i.scdn.co/image/ab67616d0000b2737fc9cefaedc84dd08e1d5a08","1","9","62000","https://p.scdn.co/mp3-preview/6f124ce6d11740002044b590d78655164d887400?cid=9950ac751e34487dbbe027c4fd7f8e99","false","15","spotify:user:31hmjzhlbj4ehjd6qrmh7v4rv6oi","2022-02-12T08:55:37Z","","","","","","","","","","","",""
"spotify:track:4Ol2Z85JVn622Vlk3GE3bP","Brown Noise for Restless Kids: 760 Hz","spotify:artist:6bTg48WFwt5Op39fABxwcV","Brown Noise Nuts","spotify:album:0idLl4rPoaeIutvdhi92c0","Brown Noise: 760 Hz","spotify:artist:6bTg48WFwt5Op39fABxwcV","Brown Noise Nuts","2021-11-14","https://i.scdn.co/image/ab67616d0000b27364bee3f89b9a5634ef0bf215","1","19","62000","https://p.scdn.co/mp3-preview/7249ae1a7d17f56e3b0144aedff63f97620341e0?cid=9950ac751e34487dbbe027c4fd7f8e99","false","14","spotify:user:31hmjzhlbj4ehjd6qrmh7v4rv6oi","2022-02-12T08:55:37Z","","","","","","","","","","","",""
"spotify:track:6q8E9eujC7Lbr56Jf0Bkta","Calming Brown Noise: 760 Hz","spotify:artist:6bTg48WFwt5Op39fABxwcV","Brown Noise Nuts","spotify:album:0idLl4rPoaeIutvdhi92c0","Brown Noise: 760 Hz","spotify:artist:6bTg48WFwt5Op39fABxwcV","Brown Noise Nuts","2021-11-14","https://i.scdn.co/image/ab67616d0000b27364bee3f89b9a5634ef0bf215","1","2","62000","https://p.scdn.co/mp3-preview/7249ae1a7d17f56e3b0144aedff63f97620341e0?cid=9950ac751e34487dbbe027c4fd7f8e99","false","14","spotify:user:31hmjzhlbj4ehjd6qrmh7v4rv6oi","2022-02-12T08:55:38Z","","","","","","","","","","","",""
"spotify:track:0Xd4BXDTlckpCAia9UCh4G","Brown Noise Sleep Aid: 680 Hz","spotify:artist:6bTg48WFwt5Op39fABxwcV","Brown Noise Nuts","spotify:album:2Lq42Fr5LnlLArzrzv5VH8","Brown Noise: 680 Hz","spotify:artist:6bTg48WFwt5Op39fABxwcV","Brown Noise Nuts","2021-11-16","https://i.scdn.co/image/ab67616d0000b2739f94eaf2f0043d599bd39905","1","6","62000","https://p.scdn.co/mp3-preview/a21d6881d6a8858d4b377b3cbc3a25109db3d92f?cid=9950ac751e34487dbbe027c4fd7f8e99","false","14","spotify:user:31hmjzhlbj4ehjd6qrmh7v4rv6oi","2022-02-12T08:55:38Z","","","","","","","","","","","",""
"spotify:track:5eBVCGiNARS1KaaMczaizD","Brown Noise Relaxation: 760 Hz","spotify:artist:6bTg48WFwt5Op39fABxwcV","Brown Noise Nuts","spotify:album:0idLl4rPoaeIutvdhi92c0","Brown Noise: 760 Hz","spotify:artist:6bTg48WFwt5Op39fABxwcV","Brown Noise Nuts","2021-11-14","https://i.scdn.co/image/ab67616d0000b27364bee3f89b9a5634ef0bf215","1","4","62000","https://p.scdn.co/mp3-preview/7249ae1a7d17f56e3b0144aedff63f97620341e0?cid=9950ac751e34487dbbe027c4fd7f8e99","false","14","spotify:user:31hmjzhlbj4ehjd6qrmh7v4rv6oi","2022-02-12T08:55:38Z","","","","","","","","","","","",""
"spotify:track:2cQEa5gDatJNDShxzux64g","Soft Brown Noise: 680 Hz","spotify:artist:6bTg48WFwt5Op39fABxwcV","Brown Noise Nuts","spotify:album:2Lq42Fr5LnlLArzrzv5VH8","Brown Noise: 680 Hz","spotify:artist:6bTg48WFwt5Op39fABxwcV","Brown Noise Nuts","2021-11-16","https://i.scdn.co/image/ab67616d0000b2739f94eaf2f0043d599bd39905","1","5","62000","https://p.scdn.co/mp3-preview/a21d6881d6a8858d4b377b3cbc3a25109db3d92f?cid=9950ac751e34487dbbe027c4fd7f8e99","false","14","spotify:user:31hmjzhlbj4ehjd6qrmh7v4rv6oi","2022-02-12T08:55:38Z","","","","","","","","","","","",""
"spotify:track:0HmmzycNcJnuqFpDrxYr6O","Brown Noise for Restless Kids: 840 Hz","spotify:artist:6bTg48WFwt5Op39fABxwcV","Brown Noise Nuts","spotify:album:3MaSg1LeeEKl0DVV6aXW78","Brown Noise: 840 Hz","spotify:artist:6bTg48WFwt5Op39fABxwcV","Brown Noise Nuts","2021-11-07","https://i.scdn.co/image/ab67616d0000b27366776123d7a06129225ed96b","1","19","62000","https://p.scdn.co/mp3-preview/5d76d96b294967314badaca5b94504c398a29197?cid=9950ac751e34487dbbe027c4fd7f8e99","false","15","spotify:user:31hmjzhlbj4ehjd6qrmh7v4rv6oi","2022-02-12T08:55:39Z","","","","","","","","","","","",""
"spotify:track:2A9LXZPfIsNX9utvniEWbA","Airplane Noise, Brown Noise 700 Hz","spotify:artist:4T1gLzDXXuNTdRNYxbcnra","Arctic Noise","spotify:album:0GgH8b8I58hh7cGoLkbSxl","Airplane Noise","spotify:artist:4T1gLzDXXuNTdRNYxbcnra","Arctic Noise","2021-10-27","https://i.scdn.co/image/ab67616d0000b273405ce941b89cdbeed848f050","1","11","62000","https://p.scdn.co/mp3-preview/c0b4c3cd8f66a618275daed4f9fa0a0f146e332e?cid=9950ac751e34487dbbe027c4fd7f8e99","false","15","spotify:user:31hmjzhlbj4ehjd6qrmh7v4rv6oi","2022-02-12T08:55:39Z","","","","","","","","","","","",""
"spotify:track:5DP9xNoPzJ9Xh4WmR8hHC7","Brown Noise Baby Sleep Aid: 720 Hz","spotify:artist:6bTg48WFwt5Op39fABxwcV","Brown Noise Nuts","spotify:album:4ldIWtqRGMYJfJZBT5zN7i","Brown Noise: 720 Hz","spotify:artist:6bTg48WFwt5Op39fABxwcV","Brown Noise Nuts","2021-11-15","https://i.scdn.co/image/ab67616d0000b273d97cfd7c3151ca47e5c05cdc","1","9","62000","https://p.scdn.co/mp3-preview/92fd2143a445e43e31985c618bf255bc97cd4ed5?cid=9950ac751e34487dbbe027c4fd7f8e99","false","14","spotify:user:31hmjzhlbj4ehjd6qrmh7v4rv6oi","2022-02-12T08:55:39Z","","","","","","","","","","","",""
"spotify:track:7hLjcC6Q1yWlWwranHj3vL","Earth Tones: 820 Hz","spotify:artist:6bTg48WFwt5Op39fABxwcV","Brown Noise Nuts","spotify:album:4yY3mQ73a9b38BgjRnyEee","Brown Noise 820 Hz","spotify:artist:6bTg48WFwt5Op39fABxwcV","Brown Noise Nuts","2021-11-14","https://i.scdn.co/image/ab67616d0000b273a5dd29b148991618e40c1f83","1","8","62000","https://p.scdn.co/mp3-preview/0be61c3cc7705cc23b80aea9cc68637ad2c5c883?cid=9950ac751e34487dbbe027c4fd7f8e99","false","14","spotify:user:31hmjzhlbj4ehjd6qrmh7v4rv6oi","2022-02-12T08:55:39Z","","","","","","","","","","","",""
"spotify:track:4QR3en6VyGifsLEbUigjhk","Forest Sounds, Pt. 8","spotify:artist:2K4OuoBtB8oBulKgJwMvbm","Waldgang","spotify:album:0CtydSzOcOIBOI4rjOM0J8","Forest Sounds: Vol. 3","spotify:artist:2K4OuoBtB8oBulKgJwMvbm","Waldgang","2021-11-26","https://i.scdn.co/image/ab67616d0000b27342e26ff44d405c29ef06fe49","1","8","108000","https://p.scdn.co/mp3-preview/66ccfd04f8938fc46fb7856b3f6cbb0dc29e61bc?cid=9950ac751e34487dbbe027c4fd7f8e99","false","10","spotify:user:31hmjzhlbj4ehjd6qrmh7v4rv6oi","2022-02-12T08:55:40Z","0.172","0.271","5","-42.644","0","0.0612","0.00313","0.8","0.383","0.0208","123.439","5"
"spotify:track:045MRtaerbkWtEfeexEi8b","Deep Relaxation Brown Noise: 760 Hz","spotify:artist:6bTg48WFwt5Op39fABxwcV","Brown Noise Nuts","spotify:album:0idLl4rPoaeIutvdhi92c0","Brown Noise: 760 Hz","spotify:artist:6bTg48WFwt5Op39fABxwcV","Brown Noise Nuts","2021-11-14","https://i.scdn.co/image/ab67616d0000b27364bee3f89b9a5634ef0bf215","1","17","62000","https://p.scdn.co/mp3-preview/7249ae1a7d17f56e3b0144aedff63f97620341e0?cid=9950ac751e34487dbbe027c4fd7f8e99","false","14","spotify:user:31hmjzhlbj4ehjd6qrmh7v4rv6oi","2022-02-12T08:55:40Z","","","","","","","","","","","",""
"spotify:track:3vjU6ogxibljpA3c7D9DDA","Den svarta ön, del 35","spotify:artist:6aMD1KAa5i3Myy61cR8FiW, spotify:artist:7HjbJ8V87zrxkSzL1KieQk, spotify:artist:71ADe4Zg9UyE8WQEHbJSXM","Tintin, Tomas Bolme, Bert-Åke Varg","spotify:album:43dUL1XcR7Q1fpGr8moljl","Den svarta ön","spotify:artist:6aMD1KAa5i3Myy61cR8FiW, spotify:artist:7HjbJ8V87zrxkSzL1KieQk, spotify:artist:71ADe4Zg9UyE8WQEHbJSXM","Tintin, Tomas Bolme, Bert-Åke Varg","1972-06-19","https://i.scdn.co/image/ab67616d0000b273f52e7de3acedf1e4c034d6f3","1","35","85586","https://p.scdn.co/mp3-preview/28467387e18b68e902070d12bd1d3bcbc5316ba0?cid=9950ac751e34487dbbe027c4fd7f8e99","false","24","spotify:user:31hmjzhlbj4ehjd6qrmh7v4rv6oi","2022-02-12T08:55:40Z","0.788","0.277","1","-13.001","1","0.937","0.939","0","0.296","0.796","93.773","5"
"spotify:track:3LlsIWUFDR23oS3DkQbl4o","Airplane Noise: 720 Hz","spotify:artist:6bTg48WFwt5Op39fABxwcV","Brown Noise Nuts","spotify:album:4ldIWtqRGMYJfJZBT5zN7i","Brown Noise: 720 Hz","spotify:artist:6bTg48WFwt5Op39fABxwcV","Brown Noise Nuts","2021-11-15","https://i.scdn.co/image/ab67616d0000b273d97cfd7c3151ca47e5c05cdc","1","3","62000","https://p.scdn.co/mp3-preview/92fd2143a445e43e31985c618bf255bc97cd4ed5?cid=9950ac751e34487dbbe027c4fd7f8e99","false","14","spotify:user:31hmjzhlbj4ehjd6qrmh7v4rv6oi","2022-02-12T08:55:40Z","","","","","","","","","","","",""
"spotify:track:6OGo76V1FRyuCk1bmSzpdX","Soft Brown Noise: 720 Hz","spotify:artist:6bTg48WFwt5Op39fABxwcV","Brown Noise Nuts","spotify:album:4ldIWtqRGMYJfJZBT5zN7i","Brown Noise: 720 Hz","spotify:artist:6bTg48WFwt5Op39fABxwcV","Brown Noise Nuts","2021-11-15","https://i.scdn.co/image/ab67616d0000b273d97cfd7c3151ca47e5c05cdc","1","5","62000","https://p.scdn.co/mp3-preview/92fd2143a445e43e31985c618bf255bc97cd4ed5?cid=9950ac751e34487dbbe027c4fd7f8e99","false","14","spotify:user:31hmjzhlbj4ehjd6qrmh7v4rv6oi","2022-02-12T08:55:41Z","","","","","","","","","","","",""
"spotify:track:3StQRmsl5qxWFjVMDdkhyw","Brown Noise Relaxation: 720 Hz","spotify:artist:6bTg48WFwt5Op39fABxwcV","Brown Noise Nuts","spotify:album:4ldIWtqRGMYJfJZBT5zN7i","Brown Noise: 720 Hz","spotify:artist:6bTg48WFwt5Op39fABxwcV","Brown Noise Nuts","2021-11-15","https://i.scdn.co/image/ab67616d0000b273d97cfd7c3151ca47e5c05cdc","1","4","62000","https://p.scdn.co/mp3-preview/92fd2143a445e43e31985c618bf255bc97cd4ed5?cid=9950ac751e34487dbbe027c4fd7f8e99","false","14","spotify:user:31hmjzhlbj4ehjd6qrmh7v4rv6oi","2022-02-12T08:55:41Z","","","","","","","","","","","",""
"spotify:track:3jmjtHzfC4o0LDuudyZQxH","Medtiation Noise: 760 Hz","spotify:artist:6bTg48WFwt5Op39fABxwcV","Brown Noise Nuts","spotify:album:0idLl4rPoaeIutvdhi92c0","Brown Noise: 760 Hz","spotify:artist:6bTg48WFwt5Op39fABxwcV","Brown Noise Nuts","2021-11-14","https://i.scdn.co/image/ab67616d0000b27364bee3f89b9a5634ef0bf215","1","15","62000","https://p.scdn.co/mp3-preview/7249ae1a7d17f56e3b0144aedff63f97620341e0?cid=9950ac751e34487dbbe027c4fd7f8e99","false","14","spotify:user:31hmjzhlbj4ehjd6qrmh7v4rv6oi","2022-02-12T08:55:41Z","","","","","","","","","","","",""
"spotify:track:5CL4fAOwvqDsGthijKTfH7","Calming Brown Noise: 600 Hz","spotify:artist:6bTg48WFwt5Op39fABxwcV","Brown Noise Nuts","spotify:album:4blr97AJ6sRNPmB1xJ1AG0","Brown Noise: 600 Hz","spotify:artist:6bTg48WFwt5Op39fABxwcV","Brown Noise Nuts","2021-11-18","https://i.scdn.co/image/ab67616d0000b27342c3827a012383af4ec06c58","1","11","62000","https://p.scdn.co/mp3-preview/a54ae2fc316c3090d46fd4ac1d5860eaa3d9f701?cid=9950ac751e34487dbbe027c4fd7f8e99","false","12","spotify:user:31hmjzhlbj4ehjd6qrmh7v4rv6oi","2022-02-12T08:55:41Z","","","","","","","","","","","",""
"spotify:track:4UrKCLKEgbhcdk6JnzkZVg","Sleep Music, Pt. 37","spotify:artist:1Xu8movuCAUTMbvdgMEA7j","Sleepy Whale","spotify:album:6ZMrk5ic3V2biwpazmKX3K","Sleep Music","spotify:artist:1Xu8movuCAUTMbvdgMEA7j","Sleepy Whale","2021-11-25","https://i.scdn.co/image/ab67616d0000b27376a739ac3cbdaeb14f108049","1","37","46299","https://p.scdn.co/mp3-preview/5b69bc880b44e19ac2fc49141bf4bb53ffad978d?cid=9950ac751e34487dbbe027c4fd7f8e99","false","31","spotify:user:31hmjzhlbj4ehjd6qrmh7v4rv6oi","2022-02-12T08:55:42Z","0.187","0.0155","2","-34.627","1","0.0361","0.985","0.871","0.101","0.0575","91.997","4"
"spotify:track:1U0Lhwts6ZWqPoNhYQLjzw","Tiefenentspannung: 700 Hz","spotify:artist:6bTg48WFwt5Op39fABxwcV","Brown Noise Nuts","spotify:album:25SBsGaDg9YR7htMmsjiDz","Brown Noise: 700 Hz","spotify:artist:6bTg48WFwt5Op39fABxwcV","Brown Noise Nuts","2021-11-15","https://i.scdn.co/image/ab67616d0000b273814140454bd35c2063ebb886","1","2","62000","https://p.scdn.co/mp3-preview/c0b4c3cd8f66a618275daed4f9fa0a0f146e332e?cid=9950ac751e34487dbbe027c4fd7f8e99","false","14","spotify:user:31hmjzhlbj4ehjd6qrmh7v4rv6oi","2022-02-12T08:55:42Z","","","","","","","","","","","",""
"spotify:track:67EuFGrQz8P6WJlDX3HlzB","Brown Noise for Restless Kids: 880 Hz","spotify:artist:6bTg48WFwt5Op39fABxwcV","Brown Noise Nuts","spotify:album:2EKxeSJmSrUNd86v5DAlrS","Brown Noise: 880 Hz","spotify:artist:6bTg48WFwt5Op39fABxwcV","Brown Noise Nuts","2021-11-07","https://i.scdn.co/image/ab67616d0000b2737fc9cefaedc84dd08e1d5a08","1","19","62000","https://p.scdn.co/mp3-preview/6f124ce6d11740002044b590d78655164d887400?cid=9950ac751e34487dbbe027c4fd7f8e99","false","15","spotify:user:31hmjzhlbj4ehjd6qrmh7v4rv6oi","2022-02-12T08:55:42Z","","","","","","","","","","","",""
"spotify:track:67EuFGrQz8P6WJlDX3HlzB","Brown Noise for Restless Kids: 880 Hz","spotify:artist:6bTg48WFwt5Op39fABxwcV","Brown Noise Nuts","spotify:album:2EKxeSJmSrUNd86v5DAlrS","Brown Noise: 880 Hz","spotify:artist:6bTg48WFwt5Op39fABxwcV","Brown Noise Nuts","2021-11-07","https://i.scdn.co/image/ab67616d0000b2737fc9cefaedc84dd08e1d5a08","1","19","62000","https://p.scdn.co/mp3-preview/6f124ce6d11740002044b590d78655164d887400?cid=9950ac751e34487dbbe027c4fd7f8e99","false","15","spotify:user:31hmjzhlbj4ehjd6qrmh7v4rv6oi","2022-02-12T08:55:42Z","","","","","","","","","","","",""
"spotify:track:67EuFGrQz8P6WJlDX3HlzB","Brown Noise for Restless Kids: 880 Hz","spotify:artist:6bTg48WFwt5Op39fABxwcV","Brown Noise Nuts","spotify:album:2EKxeSJmSrUNd86v5DAlrS","Brown Noise: 880 Hz","spotify:artist:6bTg48WFwt5Op39fABxwcV","Brown Noise Nuts","2021-11-07","https://i.scdn.co/image/ab67616d0000b2737fc9cefaedc84dd08e1d5a08","1","19","62000","https://p.scdn.co/mp3-preview/6f124ce6d11740002044b590d78655164d887400?cid=9950ac751e34487dbbe027c4fd7f8e99","false","15","spotify:user:31hmjzhlbj4ehjd6qrmh7v4rv6oi","2022-02-12T08:55:43Z","","","","","","","","","","","",""
"spotify:track:67EuFGrQz8P6WJlDX3HlzB","Brown Noise for Restless Kids: 880 Hz","spotify:artist:6bTg48WFwt5Op39fABxwcV","Brown Noise Nuts","spotify:album:2EKxeSJmSrUNd86v5DAlrS","Brown Noise: 880 Hz","spotify:artist:6bTg48WFwt5Op39fABxwcV","Brown Noise Nuts","2021-11-07","https://i.scdn.co/image/ab67616d0000b2737fc9cefaedc84dd08e1d5a08","1","19","62000","https://p.scdn.co/mp3-preview/6f124ce6d11740002044b590d78655164d887400?cid=9950ac751e34487dbbe027c4fd7f8e99","false","15","spotify:user:31hmjzhlbj4ehjd6qrmh7v4rv6oi","2022-02-12T08:55:43Z","","","","","","","","","","","",""
"spotify:track:67EuFGrQz8P6WJlDX3HlzB","Brown Noise for Restless Kids: 880 Hz","spotify:artist:6bTg48WFwt5Op39fABxwcV","Brown Noise Nuts","spotify:album:2EKxeSJmSrUNd86v5DAlrS","Brown Noise: 880 Hz","spotify:artist:6bTg48WFwt5Op39fABxwcV","Brown Noise Nuts","2021-11-07","https://i.scdn.co/image/ab67616d0000b2737fc9cefaedc84dd08e1d5a08","1","19","62000","https://p.scdn.co/mp3-preview/6f124ce6d11740002044b590d78655164d887400?cid=9950ac751e34487dbbe027c4fd7f8e99","false","15","spotify:user:31hmjzhlbj4ehjd6qrmh7v4rv6oi","2022-02-12T08:55:43Z","","","","","","","","","","","",""
"spotify:track:67EuFGrQz8P6WJlDX3HlzB","Brown Noise for Restless Kids: 880 Hz","spotify:artist:6bTg48WFwt5Op39fABxwcV","Brown Noise Nuts","spotify:album:2EKxeSJmSrUNd86v5DAlrS","Brown Noise: 880 Hz","spotify:artist:6bTg48WFwt5Op39fABxwcV","Brown Noise Nuts","2021-11-07","https://i.scdn.co/image/ab67616d0000b2737fc9cefaedc84dd08e1d5a08","1","19","62000","https://p.scdn.co/mp3-preview/6f124ce6d11740002044b590d78655164d887400?cid=9950ac751e34487dbbe027c4fd7f8e99","false","15","spotify:user:31hmjzhlbj4ehjd6qrmh7v4rv6oi","2022-02-12T08:55:43Z","","","","","","","","","","","",""
"spotify:track:67EuFGrQz8P6WJlDX3HlzB","Brown Noise for Restless Kids: 880 Hz","spotify:artist:6bTg48WFwt5Op39fABxwcV","Brown Noise Nuts","spotify:album:2EKxeSJmSrUNd86v5DAlrS","Brown Noise: 880 Hz","spotify:artist:6bTg48WFwt5Op39fABxwcV","Brown Noise Nuts","2021-11-07","https://i.scdn.co/image/ab67616d0000b2737fc9cefaedc84dd08e1d5a08","1","19","62000","https://p.scdn.co/mp3-preview/6f124ce6d11740002044b590d78655164d887400?cid=9950ac751e34487dbbe027c4fd7f8e99","false","15","spotify:user:31hmjzhlbj4ehjd6qrmh7v4rv6oi","2022-02-12T08:55:43Z","","","","","","","","","","","",""
"spotify:track:67EuFGrQz8P6WJlDX3HlzB","Brown Noise for Restless Kids: 880 Hz","spotify:artist:6bTg48WFwt5Op39fABxwcV","Brown Noise Nuts","spotify:album:2EKxeSJmSrUNd86v5DAlrS","Brown Noise: 880 Hz","spotify:artist:6bTg48WFwt5Op39fABxwcV","Brown Noise Nuts","2021-11-07","https://i.scdn.co/image/ab67616d0000b2737fc9cefaedc84dd08e1d5a08","1","19","62000","https://p.scdn.co/mp3-preview/6f124ce6d11740002044b590d78655164d887400?cid=9950ac751e34487dbbe027c4fd7f8e99","false","15","spotify:user:31hmjzhlbj4ehjd6qrmh7v4rv6oi","2022-02-12T08:55:44Z","","","","","","","","","","","",""
"spotify:track:67EuFGrQz8P6WJlDX3HlzB","Brown Noise for Restless Kids: 880 Hz","spotify:artist:6bTg48WFwt5Op39fABxwcV","Brown Noise Nuts","spotify:album:2EKxeSJmSrUNd86v5DAlrS","Brown Noise: 880 Hz","spotify:artist:6bTg48WFwt5Op39fABxwcV","Brown Noise Nuts","2021-11-07","https://i.scdn.co/image/ab67616d0000b2737fc9cefaedc84dd08e1d5a08","1","19","62000","https://p.scdn.co/mp3-preview/6f124ce6d11740002044b590d78655164d887400?cid=9950ac751e34487dbbe027c4fd7f8e99","false","15","spotify:user:31hmjzhlbj4ehjd6qrmh7v4rv6oi","2022-02-12T08:55:44Z","","","","","","","","","","","",""
"spotify:track:67EuFGrQz8P6WJlDX3HlzB","Brown Noise for Restless Kids: 880 Hz","spotify:artist:6bTg48WFwt5Op39fABxwcV","Brown Noise Nuts","spotify:album:2EKxeSJmSrUNd86v5DAlrS","Brown Noise: 880 Hz","spotify:artist:6bTg48WFwt5Op39fABxwcV","Brown Noise Nuts","2021-11-07","https://i.scdn.co/image/ab67616d0000b2737fc9cefaedc84dd08e1d5a08","1","19","62000","https://p.scdn.co/mp3-preview/6f124ce6d11740002044b590d78655164d887400?cid=9950ac751e34487dbbe027c4fd7f8e99","false","15","spotify:user:31hmjzhlbj4ehjd6qrmh7v4rv6oi","2022-02-12T08:55:44Z","","","","","","","","","","","",""
"spotify:track:67EuFGrQz8P6WJlDX3HlzB","Brown Noise for Restless Kids: 880 Hz","spotify:artist:6bTg48WFwt5Op39fABxwcV","Brown Noise Nuts","spotify:album:2EKxeSJmSrUNd86v5DAlrS","Brown Noise: 880 Hz","spotify:artist:6bTg48WFwt5Op39fABxwcV","Brown Noise Nuts","2021-11-07","https://i.scdn.co/image/ab67616d0000b2737fc9cefaedc84dd08e1d5a08","1","19","62000","https://p.scdn.co/mp3-preview/6f124ce6d11740002044b590d78655164d887400?cid=9950ac751e34487dbbe027c4fd7f8e99","false","15","spotify:user:31hmjzhlbj4ehjd6qrmh7v4rv6oi","2022-02-12T08:55:44Z","","","","","","","","","","","",""
"spotify:track:67EuFGrQz8P6WJlDX3HlzB","Brown Noise for Restless Kids: 880 Hz","spotify:artist:6bTg48WFwt5Op39fABxwcV","Brown Noise Nuts","spotify:album:2EKxeSJmSrUNd86v5DAlrS","Brown Noise: 880 Hz","spotify:artist:6bTg48WFwt5Op39fABxwcV","Brown Noise Nuts","2021-11-07","https://i.scdn.co/image/ab67616d0000b2737fc9cefaedc84dd08e1d5a08","1","19","62000","https://p.scdn.co/mp3-preview/6f124ce6d11740002044b590d78655164d887400?cid=9950ac751e34487dbbe027c4fd7f8e99","false","15","spotify:user:31hmjzhlbj4ehjd6qrmh7v4rv6oi","2022-02-12T08:55:45Z","","","","","","","","","","","",""
"spotify:track:67EuFGrQz8P6WJlDX3HlzB","Brown Noise for Restless Kids: 880 Hz","spotify:artist:6bTg48WFwt5Op39fABxwcV","Brown Noise Nuts","spotify:album:2EKxeSJmSrUNd86v5DAlrS","Brown Noise: 880 Hz","spotify:artist:6bTg48WFwt5Op39fABxwcV","Brown Noise Nuts","2021-11-07","https://i.scdn.co/image/ab67616d0000b2737fc9cefaedc84dd08e1d5a08","1","19","62000","https://p.scdn.co/mp3-preview/6f124ce6d11740002044b590d78655164d887400?cid=9950ac751e34487dbbe027c4fd7f8e99","false","15","spotify:user:31hmjzhlbj4ehjd6qrmh7v4rv6oi","2022-02-12T08:55:45Z","","","","","","","","","","","",""
"spotify:track:67EuFGrQz8P6WJlDX3HlzB","Brown Noise for Restless Kids: 880 Hz","spotify:artist:6bTg48WFwt5Op39fABxwcV","Brown Noise Nuts","spotify:album:2EKxeSJmSrUNd86v5DAlrS","Brown Noise: 880 Hz","spotify:artist:6bTg48WFwt5Op39fABxwcV","Brown Noise Nuts","2021-11-07","https://i.scdn.co/image/ab67616d0000b2737fc9cefaedc84dd08e1d5a08","1","19","62000","https://p.scdn.co/mp3-preview/6f124ce6d11740002044b590d78655164d887400?cid=9950ac751e34487dbbe027c4fd7f8e99","false","15","spotify:user:31hmjzhlbj4ehjd6qrmh7v4rv6oi","2022-02-12T08:55:45Z","","","","","","","","","","","",""
"spotify:track:67EuFGrQz8P6WJlDX3HlzB","Brown Noise for Restless Kids: 880 Hz","spotify:artist:6bTg48WFwt5Op39fABxwcV","Brown Noise Nuts","spotify:album:2EKxeSJmSrUNd86v5DAlrS","Brown Noise: 880 Hz","spotify:artist:6bTg48WFwt5Op39fABxwcV","Brown Noise Nuts","2021-11-07","https://i.scdn.co/image/ab67616d0000b2737fc9cefaedc84dd08e1d5a08","1","19","62000","https://p.scdn.co/mp3-preview/6f124ce6d11740002044b590d78655164d887400?cid=9950ac751e34487dbbe027c4fd7f8e99","false","15","spotify:user:31hmjzhlbj4ehjd6qrmh7v4rv6oi","2022-02-12T08:55:46Z","","","","","","","","","","","",""
"spotify:track:67EuFGrQz8P6WJlDX3HlzB","Brown Noise for Restless Kids: 880 Hz","spotify:artist:6bTg48WFwt5Op39fABxwcV","Brown Noise Nuts","spotify:album:2EKxeSJmSrUNd86v5DAlrS","Brown Noise: 880 Hz","spotify:artist:6bTg48WFwt5Op39fABxwcV","Brown Noise Nuts","2021-11-07","https://i.scdn.co/image/ab67616d0000b2737fc9cefaedc84dd08e1d5a08","1","19","62000","https://p.scdn.co/mp3-preview/6f124ce6d11740002044b590d78655164d887400?cid=9950ac751e34487dbbe027c4fd7f8e99","false","15","spotify:user:31hmjzhlbj4ehjd6qrmh7v4rv6oi","2022-02-12T08:55:47Z","","","","","","","","","","","",""
"spotify:track:22ZIbYGv9002RbHTIFjhq4","Noise: 860 Hz","spotify:artist:6bTg48WFwt5Op39fABxwcV","Brown Noise Nuts","spotify:album:6NGauE5cgewPpFhi5J4blb","Brown Noise: 860 Hz","spotify:artist:6bTg48WFwt5Op39fABxwcV","Brown Noise Nuts","2021-11-07","https://i.scdn.co/image/ab67616d0000b273f434bf5e4ce2e486f809466f","1","7","62000","https://p.scdn.co/mp3-preview/fad5c7c6dfb2eff6366d26daf0db9d91e01321a6?cid=9950ac751e34487dbbe027c4fd7f8e99","false","15","spotify:user:31hmjzhlbj4ehjd6qrmh7v4rv6oi","2022-02-12T08:55:48Z","","","","","","","","","","","",""
"spotify:track:7Le1k7NfRmeqeme1CZOAZv","Medtiation Noise: 740 Hz","spotify:artist:6bTg48WFwt5Op39fABxwcV","Brown Noise Nuts","spotify:album:2YPPfJo53cQIPo5ASWljm1","Brown Noise: 740 Hz","spotify:artist:6bTg48WFwt5Op39fABxwcV","Brown Noise Nuts","2021-11-14","https://i.scdn.co/image/ab67616d0000b273a00b5416acba2b01fc2a8fc4","1","15","62000","https://p.scdn.co/mp3-preview/d57241f606c5a4eb8650a0ba4fcdbf0c49c33eb6?cid=9950ac751e34487dbbe027c4fd7f8e99","false","14","spotify:user:31hmjzhlbj4ehjd6qrmh7v4rv6oi","2022-02-12T08:55:49Z","","","","","","","","","","","",""
"spotify:track:7Le1k7NfRmeqeme1CZOAZv","Medtiation Noise: 740 Hz","spotify:artist:6bTg48WFwt5Op39fABxwcV","Brown Noise Nuts","spotify:album:2YPPfJo53cQIPo5ASWljm1","Brown Noise: 740 Hz","spotify:artist:6bTg48WFwt5Op39fABxwcV","Brown Noise Nuts","2021-11-14","https://i.scdn.co/image/ab67616d0000b273a00b5416acba2b01fc2a8fc4","1","15","62000","https://p.scdn.co/mp3-preview/d57241f606c5a4eb8650a0ba4fcdbf0c49c33eb6?cid=9950ac751e34487dbbe027c4fd7f8e99","false","14","spotify:user:31hmjzhlbj4ehjd6qrmh7v4rv6oi","2022-02-12T08:55:49Z","","","","","","","","","","","",""
"spotify:track:3xmJP7XNt3WVrQ1QD9Mr9Q","Airplane Cabin: 760 Hz","spotify:artist:6bTg48WFwt5Op39fABxwcV","Brown Noise Nuts","spotify:album:0idLl4rPoaeIutvdhi92c0","Brown Noise: 760 Hz","spotify:artist:6bTg48WFwt5Op39fABxwcV","Brown Noise Nuts","2021-11-14","https://i.scdn.co/image/ab67616d0000b27364bee3f89b9a5634ef0bf215","1","16","62000","https://p.scdn.co/mp3-preview/7249ae1a7d17f56e3b0144aedff63f97620341e0?cid=9950ac751e34487dbbe027c4fd7f8e99","false","14","spotify:user:31hmjzhlbj4ehjd6qrmh7v4rv6oi","2022-02-12T08:55:50Z","","","","","","","","","","","",""
"spotify:track:5lns08XVkzSUyr6Zta3fDn","Noise: 720 Hz","spotify:artist:6bTg48WFwt5Op39fABxwcV","Brown Noise Nuts","spotify:album:4ldIWtqRGMYJfJZBT5zN7i","Brown Noise: 720 Hz","spotify:artist:6bTg48WFwt5Op39fABxwcV","Brown Noise Nuts","2021-11-15","https://i.scdn.co/image/ab67616d0000b273d97cfd7c3151ca47e5c05cdc","1","7","62000","https://p.scdn.co/mp3-preview/92fd2143a445e43e31985c618bf255bc97cd4ed5?cid=9950ac751e34487dbbe027c4fd7f8e99","false","14","spotify:user:31hmjzhlbj4ehjd6qrmh7v4rv6oi","2022-02-12T08:55:51Z","","","","","","","","","","","",""
"spotify:track:3xmJP7XNt3WVrQ1QD9Mr9Q","Airplane Cabin: 760 Hz","spotify:artist:6bTg48WFwt5Op39fABxwcV","Brown Noise Nuts","spotify:album:0idLl4rPoaeIutvdhi92c0","Brown Noise: 760 Hz","spotify:artist:6bTg48WFwt5Op39fABxwcV","Brown Noise Nuts","2021-11-14","https://i.scdn.co/image/ab67616d0000b27364bee3f89b9a5634ef0bf215","1","16","62000","https://p.scdn.co/mp3-preview/7249ae1a7d17f56e3b0144aedff63f97620341e0?cid=9950ac751e34487dbbe027c4fd7f8e99","false","14","spotify:user:31hmjzhlbj4ehjd6qrmh7v4rv6oi","2022-02-12T08:55:52Z","","","","","","","","","","","",""
"spotify:track:5lns08XVkzSUyr6Zta3fDn","Noise: 720 Hz","spotify:artist:6bTg48WFwt5Op39fABxwcV","Brown Noise Nuts","spotify:album:4ldIWtqRGMYJfJZBT5zN7i","Brown Noise: 720 Hz","spotify:artist:6bTg48WFwt5Op39fABxwcV","Brown Noise Nuts","2021-11-15","https://i.scdn.co/image/ab67616d0000b273d97cfd7c3151ca47e5c05cdc","1","7","62000","https://p.scdn.co/mp3-preview/92fd2143a445e43e31985c618bf255bc97cd4ed5?cid=9950ac751e34487dbbe027c4fd7f8e99","false","14","spotify:user:31hmjzhlbj4ehjd6qrmh7v4rv6oi","2022-02-12T08:55:53Z","","","","","","","","","","","",""
"spotify:track:6ZLISohXh8w7vTbBgElIcx","Airplane Noise: 680 Hz","spotify:artist:6bTg48WFwt5Op39fABxwcV","Brown Noise Nuts","spotify:album:2Lq42Fr5LnlLArzrzv5VH8","Brown Noise: 680 Hz","spotify:artist:6bTg48WFwt5Op39fABxwcV","Brown Noise Nuts","2021-11-16","https://i.scdn.co/image/ab67616d0000b2739f94eaf2f0043d599bd39905","1","3","62000","https://p.scdn.co/mp3-preview/a21d6881d6a8858d4b377b3cbc3a25109db3d92f?cid=9950ac751e34487dbbe027c4fd7f8e99","false","14","spotify:user:31hmjzhlbj4ehjd6qrmh7v4rv6oi","2022-02-12T08:55:58Z","","","","","","","","","","","",""
"spotify:track:5lns08XVkzSUyr6Zta3fDn","Noise: 720 Hz","spotify:artist:6bTg48WFwt5Op39fABxwcV","Brown Noise Nuts","spotify:album:4ldIWtqRGMYJfJZBT5zN7i","Brown Noise: 720 Hz","spotify:artist:6bTg48WFwt5Op39fABxwcV","Brown Noise Nuts","2021-11-15","https://i.scdn.co/image/ab67616d0000b273d97cfd7c3151ca47e5c05cdc","1","7","62000","https://p.scdn.co/mp3-preview/92fd2143a445e43e31985c618bf255bc97cd4ed5?cid=9950ac751e34487dbbe027c4fd7f8e99","false","14","spotify:user:31hmjzhlbj4ehjd6qrmh7v4rv6oi","2022-02-12T08:55:59Z","","","","","","","","","","","",""
"spotify:track:4Hq3CaDd6FHo0Bdnc8ZcC5","Sleep Music, Pt. 36","spotify:artist:1Xu8movuCAUTMbvdgMEA7j","Sleepy Whale","spotify:album:6ZMrk5ic3V2biwpazmKX3K","Sleep Music","spotify:artist:1Xu8movuCAUTMbvdgMEA7j","Sleepy Whale","2021-11-25","https://i.scdn.co/image/ab67616d0000b27376a739ac3cbdaeb14f108049","1","36","43727","https://p.scdn.co/mp3-preview/1d1e306c8487f47b949825b9a5507b8437cf3394?cid=9950ac751e34487dbbe027c4fd7f8e99","false","31","spotify:user:31hmjzhlbj4ehjd6qrmh7v4rv6oi","2022-02-12T08:57:40Z","0.249","0.0131","2","-35.422","1","0.0397","0.965","0.95","0.103","0.071","62.135","3"
"spotify:track:2a6rGAOh3cV9NuV6Cj8aXn","Sleep Music, Pt. 40","spotify:artist:1Xu8movuCAUTMbvdgMEA7j","Sleepy Whale","spotify:album:6ZMrk5ic3V2biwpazmKX3K","Sleep Music","spotify:artist:1Xu8movuCAUTMbvdgMEA7j","Sleepy Whale","2021-11-25","https://i.scdn.co/image/ab67616d0000b27376a739ac3cbdaeb14f108049","1","40","42870","https://p.scdn.co/mp3-preview/2b3b4fe556a2da06ea6aeb91040fd1ddb8805d52?cid=9950ac751e34487dbbe027c4fd7f8e99","false","31","spotify:user:31hmjzhlbj4ehjd6qrmh7v4rv6oi","2022-02-12T08:57:43Z","0.2","0.0156","2","-36.641","1","0.0737","0.994","0.903","0.0934","0.0366","78.217","4"
"spotify:track:3uHOhWRaE3uiivB3mBlZAL","Medtiation Noise: 900 Hz","spotify:artist:6bTg48WFwt5Op39fABxwcV","Brown Noise Nuts","spotify:album:65DDIaLdS4qrEQ8lTXoojw","Brown Noise: 900 Hz","spotify:artist:6bTg48WFwt5Op39fABxwcV","Brown Noise Nuts","2021-11-07","https://i.scdn.co/image/ab67616d0000b2737e4fa3c73dbec14237cbede8","1","15","62000","https://p.scdn.co/mp3-preview/40943fb2051e1f05ada1e1a4689d30d2043e6dac?cid=9950ac751e34487dbbe027c4fd7f8e99","false","15","spotify:user:31hmjzhlbj4ehjd6qrmh7v4rv6oi","2022-02-12T08:57:45Z","","","","","","","","","","","",""
"spotify:track:709XFastuuW0OpuUdN0kGo","Airplane Noise: 660 Hz","spotify:artist:6bTg48WFwt5Op39fABxwcV","Brown Noise Nuts","spotify:album:4MkKSzJNDUWSYsFDzp2puR","Brown Noise Nuts: 660 Hz","spotify:artist:6bTg48WFwt5Op39fABxwcV","Brown Noise Nuts","2021-11-16","https://i.scdn.co/image/ab67616d0000b273a7735a16baef43ed7788cc28","1","3","62000","https://p.scdn.co/mp3-preview/3fc05bdec27a5002ff8f735ddab154144a5e2b57?cid=9950ac751e34487dbbe027c4fd7f8e99","false","12","spotify:user:31hmjzhlbj4ehjd6qrmh7v4rv6oi","2022-02-12T08:57:47Z","","","","","","","","","","","",""
"spotify:track:32gBqv3RxtP4kaz2iutl1M","Airplane Cabin: 900 Hz","spotify:artist:6bTg48WFwt5Op39fABxwcV","Brown Noise Nuts","spotify:album:65DDIaLdS4qrEQ8lTXoojw","Brown Noise: 900 Hz","spotify:artist:6bTg48WFwt5Op39fABxwcV","Brown Noise Nuts","2021-11-07","https://i.scdn.co/image/ab67616d0000b2737e4fa3c73dbec14237cbede8","1","16","62000","https://p.scdn.co/mp3-preview/40943fb2051e1f05ada1e1a4689d30d2043e6dac?cid=9950ac751e34487dbbe027c4fd7f8e99","false","15","spotify:user:31hmjzhlbj4ehjd6qrmh7v4rv6oi","2022-02-12T08:57:48Z","","","","","","","","","","","",""
"spotify:track:3q6l4rn2snNRJ8laUoQYuG","Brown Noise for Restless Kids: 720 Hz","spotify:artist:6bTg48WFwt5Op39fABxwcV","Brown Noise Nuts","spotify:album:4ldIWtqRGMYJfJZBT5zN7i","Brown Noise: 720 Hz","spotify:artist:6bTg48WFwt5Op39fABxwcV","Brown Noise Nuts","2021-11-15","https://i.scdn.co/image/ab67616d0000b273d97cfd7c3151ca47e5c05cdc","1","18","62000","https://p.scdn.co/mp3-preview/92fd2143a445e43e31985c618bf255bc97cd4ed5?cid=9950ac751e34487dbbe027c4fd7f8e99","false","14","spotify:user:31hmjzhlbj4ehjd6qrmh7v4rv6oi","2022-02-12T08:57:50Z","","","","","","","","","","","",""
"spotify:track:6xWGRWnqhLbV0tEXwE7n3b","Deep Relaxation Brown Noise: 720 Hz","spotify:artist:6bTg48WFwt5Op39fABxwcV","Brown Noise Nuts","spotify:album:4ldIWtqRGMYJfJZBT5zN7i","Brown Noise: 720 Hz","spotify:artist:6bTg48WFwt5Op39fABxwcV","Brown Noise Nuts","2021-11-15","https://i.scdn.co/image/ab67616d0000b273d97cfd7c3151ca47e5c05cdc","1","16","62000","https://p.scdn.co/mp3-preview/92fd2143a445e43e31985c618bf255bc97cd4ed5?cid=9950ac751e34487dbbe027c4fd7f8e99","false","14","spotify:user:31hmjzhlbj4ehjd6qrmh7v4rv6oi","2022-02-12T08:57:57Z","","","","","","","","","","","",""
"spotify:track:5f9w1tL4YobJpAqK4FCTPU","Calming Brown Noise: 740 Hz","spotify:artist:6bTg48WFwt5Op39fABxwcV","Brown Noise Nuts","spotify:album:2YPPfJo53cQIPo5ASWljm1","Brown Noise: 740 Hz","spotify:artist:6bTg48WFwt5Op39fABxwcV","Brown Noise Nuts","2021-11-14","https://i.scdn.co/image/ab67616d0000b273a00b5416acba2b01fc2a8fc4","1","2","62000","https://p.scdn.co/mp3-preview/d57241f606c5a4eb8650a0ba4fcdbf0c49c33eb6?cid=9950ac751e34487dbbe027c4fd7f8e99","false","14","spotify:user:31hmjzhlbj4ehjd6qrmh7v4rv6oi","2022-02-12T08:58:01Z","","","","","","","","","","","",""
"spotify:track:1gd1slYBva7QlxSauNGzJx","Brown Noise Relaxation: 820 Hz","spotify:artist:6bTg48WFwt5Op39fABxwcV","Brown Noise Nuts","spotify:album:4yY3mQ73a9b38BgjRnyEee","Brown Noise 820 Hz","spotify:artist:6bTg48WFwt5Op39fABxwcV","Brown Noise Nuts","2021-11-14","https://i.scdn.co/image/ab67616d0000b273a5dd29b148991618e40c1f83","1","4","62000","https://p.scdn.co/mp3-preview/0be61c3cc7705cc23b80aea9cc68637ad2c5c883?cid=9950ac751e34487dbbe027c4fd7f8e99","false","14","spotify:user:31hmjzhlbj4ehjd6qrmh7v4rv6oi","2022-02-12T08:58:02Z","","","","","","","","","","","",""
"spotify:track:37rWPukdPsRRTIN9ZBLoie","Newborn Sleep Aid Brown: 740 Hz","spotify:artist:6bTg48WFwt5Op39fABxwcV","Brown Noise Nuts","spotify:album:2YPPfJo53cQIPo5ASWljm1","Brown Noise: 740 Hz","spotify:artist:6bTg48WFwt5Op39fABxwcV","Brown Noise Nuts","2021-11-14","https://i.scdn.co/image/ab67616d0000b273a00b5416acba2b01fc2a8fc4","1","12","62000","https://p.scdn.co/mp3-preview/d57241f606c5a4eb8650a0ba4fcdbf0c49c33eb6?cid=9950ac751e34487dbbe027c4fd7f8e99","false","14","spotify:user:31hmjzhlbj4ehjd6qrmh7v4rv6oi","2022-02-12T08:58:03Z","","","","","","","","","","","",""
"spotify:track:2dDbQ4YE0xvqMDObUDJWY3","Soft Brown Noise: 740 Hz","spotify:artist:6bTg48WFwt5Op39fABxwcV","Brown Noise Nuts","spotify:album:2YPPfJo53cQIPo5ASWljm1","Brown Noise: 740 Hz","spotify:artist:6bTg48WFwt5Op39fABxwcV","Brown Noise Nuts","2021-11-14","https://i.scdn.co/image/ab67616d0000b273a00b5416acba2b01fc2a8fc4","1","5","62000","https://p.scdn.co/mp3-preview/d57241f606c5a4eb8650a0ba4fcdbf0c49c33eb6?cid=9950ac751e34487dbbe027c4fd7f8e99","false","14","spotify:user:31hmjzhlbj4ehjd6qrmh7v4rv6oi","2022-02-12T08:58:04Z","","","","","","","","","","","",""
